{"tavily": {"count": 4, "last_reset": 1742844114.0889308}, "groq": {"count": 0, "last_reset": 1742844114.0889316}}